FiscalYear,GMSDonorName,GMSDonorISO2Code,PooledFundName,PooledFundISO2Code,PaidAmt,PledgeAmt,LPaidAmt,LPledgeAmt,LCurrencyCode
2014,Australia,AU,Afghanistan,AF,371040,0,291054.9072,0,GBP
2014,"Korea, Republic of",KR,Afghanistan,AF,6000000,0,4706580,0,GBP
2014,Norway,NO,Afghanistan,AF,1340450.57,0,1051489.641,0,GBP
2014,Sweden,SE,Afghanistan,AF,11970374.6,0,9389920.947,0,GBP
2014,United Kingdom,GB,Afghanistan,AF,25881600,0,20302303.49,0,GBP
2014,UNOCHA,,Afghanistan,AF,1087230.72,0,852856.3937,0,GBP
2015,Australia,AU,Afghanistan,AF,6143578.23,0,4819207.071,0,GBP
2015,Denmark,DK,Afghanistan,AF,3116235.59,0,2444468.684,0,GBP
2015,Germany,DE,Afghanistan,AF,1070300,0,839575.429,0,GBP
2015,"Korea, Republic of",KR,Afghanistan,AF,200000,0,156886,0,GBP
2015,Norway,NO,Afghanistan,AF,1147927.18,0,900468.5178,0,GBP
2015,Sweden,SE,Afghanistan,AF,8073705.23,0,6333256.594,0,GBP
2015,United Kingdom,GB,Afghanistan,AF,18222600,0,14294354.12,0,GBP
2016,Australia,AU,Afghanistan,AF,5848785.38,0,4587962.716,0,GBP
2016,Denmark,DK,Afghanistan,AF,4291119.9,0,3366083.183,0,GBP
2016,Germany,DE,Afghanistan,AF,9066875,0,7112328.756,0,GBP
2016,Netherlands,NL,Afghanistan,AF,6810000,0,5341968.3,0,GBP
2016,Norway,NO,Afghanistan,AF,3571966.11,0,2801957.376,0,GBP
2016,Sweden,SE,Afghanistan,AF,10471920,0,8214488.206,0,GBP
2016,Switzerland,CH,Afghanistan,AF,399965,0,313744.545,0,GBP
2016,United Kingdom,GB,Afghanistan,AF,21632400,0,16969103.53,0,GBP
2017,Australia,AU,Afghanistan,AF,6103184.74,0,4787521.206,0,GBP
2017,"Korea, Republic of",KR,Afghanistan,AF,5899513,0,4627754.983,0,GBP
2017,Norway,NO,Afghanistan,AF,2109293.8,0,1654593.336,0,GBP
2017,Sweden,SE,Afghanistan,AF,8363695.15,0,6560733.387,0,GBP
2017,Switzerland,CH,Afghanistan,AF,199965,0,156858.545,0,GBP
2017,United Kingdom,GB,Afghanistan,AF,16076280,0,12610716.32,0,GBP
2018,Australia,AU,Afghanistan,AF,764291.95,0,599533.5343,0,GBP
2018,Denmark,DK,Afghanistan,AF,3032002.79,0,2378393.949,0,GBP
2018,Germany,DE,Afghanistan,AF,568106,0,445639.3896,0,GBP
2018,Norway,NO,Afghanistan,AF,2163811.66,0,1697358.78,0,GBP
2018,Qatar,QA,Afghanistan,AF,999960,0,784398.6228,0,GBP
2018,Sweden,SE,Afghanistan,AF,12196080.57,0,9566971.482,0,GBP
2018,Switzerland,CH,Afghanistan,AF,1119930,0,878506.6899,0,GBP
2018,UNF,UNF,Afghanistan,AF,2339.03,0,1834.805303,0,GBP
2018,United Kingdom,GB,Afghanistan,AF,24011950,0,18835693.94,0,GBP
2019,Qatar,QA,Afghanistan,AF,0,1000000,0,784430,GBP
2009,Ireland,IE,CAR,CF,1461072,0,1146108.709,0,GBP
2009,Netherlands,NL,CAR,CF,2941176,0,2307146.69,0,GBP
2009,Sweden,SE,CAR,CF,2104324.94,0,1650695.613,0,GBP
2009,United Kingdom,GB,CAR,CF,1220000,0,957004.6,0,GBP
2010,Ireland,IE,CAR,CF,3052382.67,0,2394380.538,0,GBP
2010,Netherlands,NL,CAR,CF,2097902,0,1645657.266,0,GBP
2010,Sweden,SE,CAR,CF,3998789.94,0,3136770.793,0,GBP
2010,United Kingdom,GB,CAR,CF,2293577.98,0,1799151.375,0,GBP
2011,Ireland,IE,CAR,CF,3351745,0,2629209.33,0,GBP
2011,Sweden,SE,CAR,CF,4874075.36,0,3823370.935,0,GBP
2012,Ireland,IE,CAR,CF,2465530.4,0,1934036.012,0,GBP
2012,Sweden,SE,CAR,CF,2918650.02,0,2289476.635,0,GBP
2013,Ireland,IE,CAR,CF,2603140,0,2041981.11,0,GBP
2013,Netherlands,NL,CAR,CF,2500000,0,1961075,0,GBP
2013,Sweden,SE,CAR,CF,4495547.91,0,3526442.647,0,GBP
2014,Denmark,DK,CAR,CF,5549167.15,0,4352933.187,0,GBP
2014,Ireland,IE,CAR,CF,3988740,0,3128887.318,0,GBP
2014,Luxembourg,LU,CAR,CF,341525,0,267902.4558,0,GBP
2014,Netherlands,NL,CAR,CF,4146500,0,3252638.995,0,GBP
2014,Norway,NO,CAR,CF,4912782.42,0,3853733.914,0,GBP
2014,Sweden,SE,CAR,CF,3667225.15,0,2876681.424,0,GBP
2014,Switzerland,CH,CAR,CF,1614797.64,0,1266695.713,0,GBP
2014,United Kingdom,GB,CAR,CF,1671681.71,0,1311317.284,0,GBP
2015,Denmark,DK,CAR,CF,1494985.3,0,1172711.319,0,GBP
2015,Ireland,IE,CAR,CF,3255570,0,2553766.775,0,GBP
2015,Luxembourg,LU,CAR,CF,281452.75,0,220779.9807,0,GBP
2015,Netherlands,NL,CAR,CF,16971852,0,13313229.86,0,GBP
2015,Norway,NO,CAR,CF,742746.11,0,582632.3311,0,GBP
2015,Sweden,SE,CAR,CF,2421115.14,0,1899195.349,0,GBP
2015,Switzerland,CH,CAR,CF,1003540.73,0,787207.4548,0,GBP
2015,United Kingdom,GB,CAR,CF,9132207.27,0,7163577.349,0,GBP
2016,Belgium,BE,CAR,CF,4435023.43,0,3478965.429,0,GBP
2016,Canada,CA,CAR,CF,390228.67,0,306107.0756,0,GBP
2016,Denmark,DK,CAR,CF,2869852.2,0,2251198.161,0,GBP
2016,Germany,DE,CAR,CF,4278900,0,3356497.527,0,GBP
2016,Ireland,IE,CAR,CF,3278970,0,2572122.437,0,GBP
2016,Luxembourg,LU,CAR,CF,279475,0,219228.5743,0,GBP
2016,Netherlands,NL,CAR,CF,4451200,0,3491654.816,0,GBP
2016,Sweden,SE,CAR,CF,4528146.03,0,3552013.59,0,GBP
2016,Switzerland,CH,CAR,CF,616332.82,0,483469.954,0,GBP
2016,United Kingdom,GB,CAR,CF,5246200,0,4115276.666,0,GBP
2017,Belgium,BE,CAR,CF,1796400,0,1409150.052,0,GBP
2017,Canada,CA,CAR,CF,377674.6,0,296259.2865,0,GBP
2017,Germany,DE,CAR,CF,5772800,0,4528357.504,0,GBP
2017,Ireland,IE,CAR,CF,3588770,0,2815138.851,0,GBP
2017,Luxembourg,LU,CAR,CF,266125.01,0,208756.4416,0,GBP
2017,Netherlands,NL,CAR,CF,2954500,0,2317598.435,0,GBP
2017,Sweden,SE,CAR,CF,2891590.85,0,2268250.61,0,GBP
2017,Switzerland,CH,CAR,CF,1558616.98,0,1222625.918,0,GBP
2017,United Kingdom,GB,CAR,CF,7134625.01,0,5596613.897,0,GBP
2018,Belgium,BE,CAR,CF,1848900,0,1450332.627,0,GBP
2018,Canada,CA,CAR,CF,771724.03,0,605363.4809,0,GBP
2018,Denmark,DK,CAR,CF,3230495.88,0,2534097.883,0,GBP
2018,Germany,DE,CAR,CF,6223800,0,4882135.434,0,GBP
2018,Ireland,IE,CAR,CF,3580776,0,2808868.118,0,GBP
2018,Jersey,JE,CAR,CF,99975.01,0,78423.39709,0,GBP
2018,Luxembourg,LU,CAR,CF,370535.1,0,290658.8485,0,GBP
2018,Sweden,SE,CAR,CF,1482102.37,0,1162605.562,0,GBP
2018,Switzerland,CH,CAR,CF,1511182.75,0,1185417.085,0,GBP
2018,UNF,UNF,CAR,CF,10823.48,0,8490.262416,0,GBP
2018,United Kingdom,GB,CAR,CF,8354890,0,6553826.363,0,GBP
2009,Norway,NO,Colombia,CO,993484.22,0,779318.8267,0,GBP
2009,Sweden,SE,Colombia,CO,431790,0,338709.0297,0,GBP
2010,Norway,NO,Colombia,CO,1005111.66,0,788439.7395,0,GBP
2010,Spain,ES,Colombia,CO,674763.83,0,529304.9912,0,GBP
2010,Sweden,SE,Colombia,CO,437849.97,0,343462.652,0,GBP
2011,Norway,NO,Colombia,CO,1011518.51,0,793465.4648,0,GBP
2011,San Marino,SM,Colombia,CO,14245.01,0,11174.21319,0,GBP
2011,Spain,ES,Colombia,CO,1368941.43,0,1073838.726,0,GBP
2012,Norway,NO,Colombia,CO,533789.5,0,418720.4975,0,GBP
2012,Spain,ES,Colombia,CO,649350.65,0,509370.1304,0,GBP
2013,Norway,NO,Colombia,CO,497993.17,0,390640.7823,0,GBP
2013,Spain,ES,Colombia,CO,662251.66,0,519490.0697,0,GBP
2013,Sweden,SE,Colombia,CO,611192.69,0,479437.8818,0,GBP
2014,Norway,NO,Colombia,CO,483932.24,0,379610.967,0,GBP
2014,Spain,ES,Colombia,CO,317525,0,249076.1358,0,GBP
2014,Sweden,SE,Colombia,CO,583000.04,0,457322.7214,0,GBP
2014,Switzerland,CH,Colombia,CO,368421,0,289000.485,0,GBP
2015,Spain,ES,Colombia,CO,655737.7,0,514380.324,0,GBP
2015,Sweden,SE,Colombia,CO,477042.34,0,374206.3228,0,GBP
2015,Switzerland,CH,Colombia,CO,613520.03,0,481263.5171,0,GBP
2016,Spain,ES,Colombia,CO,560538.12,0,439702.9175,0,GBP
2016,Sweden,SE,Colombia,CO,484384,0,379965.3411,0,GBP
2016,Switzerland,CH,Colombia,CO,306435.14,0,240376.9169,0,GBP
2017,Spain,ES,Colombia,CO,588235.29,0,461429.4085,0,GBP
2017,Sweden,SE,Colombia,CO,560594.99,0,439747.528,0,GBP
2017,Switzerland,CH,Colombia,CO,205761.32,0,161405.3522,0,GBP
2017,UNF,UNF,Colombia,CO,470.93,0,369.4116199,0,GBP
2009,Belgium,BE,DRC,CD,2158273.38,0,1693014.387,0,GBP
2009,Ireland,IE,DRC,CD,738722,0,579475.6985,0,GBP
2009,Luxembourg,LU,DRC,CD,658761.53,0,516752.307,0,GBP
2009,Netherlands,NL,DRC,CD,16999970,0,13335286.47,0,GBP
2009,Norway,NO,DRC,CD,3091160.11,0,2424798.725,0,GBP
2009,Sweden,SE,DRC,CD,19836812.7,0,15560590.99,0,GBP
2009,United Kingdom,GB,DRC,CD,25057500,0,19655854.73,0,GBP
2010,Belgium,BE,DRC,CD,4789721.65,0,3757201.354,0,GBP
2010,Ireland,IE,DRC,CD,4372682.67,0,3430063.467,0,GBP
2010,Luxembourg,LU,DRC,CD,610500.61,0,478894.9935,0,GBP
2010,Netherlands,NL,DRC,CD,7097902,0,5567807.266,0,GBP
2010,Norway,NO,DRC,CD,3365273.72,0,2639821.664,0,GBP
2010,Spain,ES,DRC,CD,12517040,0,9818741.687,0,GBP
2010,Sweden,SE,DRC,CD,15510049.51,0,12166548.14,0,GBP
2010,United Kingdom,GB,DRC,CD,78399500,0,61498919.79,0,GBP
2011,Australia,AU,DRC,CD,4268000,0,3347947.24,0,GBP
2011,Ireland,IE,DRC,CD,4723355.11,0,3705141.449,0,GBP
2011,Luxembourg,LU,DRC,CD,652200,0,511605.246,0,GBP
2011,Netherlands,NL,DRC,CD,5000000,0,3922150,0,GBP
2011,Norway,NO,DRC,CD,6945282.42,0,5448087.889,0,GBP
2011,Spain,ES,DRC,CD,6760950,0,5303492.009,0,GBP
2011,Sweden,SE,DRC,CD,17442675.33,0,13682557.81,0,GBP
2011,United Kingdom,GB,DRC,CD,35375250,0,27749407.36,0,GBP
2012,Belgium,BE,DRC,CD,5222400,0,4096607.232,0,GBP
2012,Ireland,IE,DRC,CD,8904494.38,0,6984952.527,0,GBP
2012,Luxembourg,LU,DRC,CD,307425,0,241153.3928,0,GBP
2012,Norway,NO,DRC,CD,8462089.49,0,6637916.859,0,GBP
2012,Spain,ES,DRC,CD,3833100,0,3006798.633,0,GBP
2012,Sweden,SE,DRC,CD,18752449.31,0,14709983.81,0,GBP
2012,United Kingdom,GB,DRC,CD,44896950,0,35218514.49,0,GBP
2013,Australia,AU,DRC,CD,2049400,0,1607610.842,0,GBP
2013,Belgium,BE,DRC,CD,9306400,0,7300219.352,0,GBP
2013,Ireland,IE,DRC,CD,4987440,0,3912297.559,0,GBP
2013,Luxembourg,LU,DRC,CD,327350,0,256783.1605,0,GBP
2013,Netherlands,NL,DRC,CD,1875000,0,1470806.25,0,GBP
2013,Norway,NO,DRC,CD,6842006.85,0,5367075.433,0,GBP
2013,Sweden,SE,DRC,CD,12335973.58,0,9676707.755,0,GBP
2013,United Kingdom,GB,DRC,CD,33292000,0,26115243.56,0,GBP
2014,Belgium,BE,DRC,CD,6255700,0,4907158.751,0,GBP
2014,Ireland,IE,DRC,CD,4573990,0,3587974.976,0,GBP
2014,Luxembourg,LU,DRC,CD,344025.01,0,269863.5386,0,GBP
2014,Netherlands,NL,DRC,CD,4605263,0,3612506.455,0,GBP
2014,Norway,NO,DRC,CD,4640483.58,0,3640134.535,0,GBP
2014,Sweden,SE,DRC,CD,7933175.34,0,6223020.732,0,GBP
2014,United Kingdom,GB,DRC,CD,30622300,0,24021050.79,0,GBP
2015,Ireland,IE,DRC,CD,3258270,0,2555884.736,0,GBP
2015,Luxembourg,LU,DRC,CD,264450,0,207442.5135,0,GBP
2015,Netherlands,NL,DRC,CD,2232000,0,1750847.76,0,GBP
2015,Norway,NO,DRC,CD,1237910.18,0,971053.8825,0,GBP
2015,Sweden,SE,DRC,CD,9912246.17,0,7775463.263,0,GBP
2015,United Kingdom,GB,DRC,CD,21159621.58,0,16598241.96,0,GBP
2016,Belgium,BE,DRC,CD,5543779.29,0,4348706.788,0,GBP
2016,Ireland,IE,DRC,CD,3278970,0,2572122.437,0,GBP
2016,Luxembourg,LU,DRC,CD,285550,0,223993.9865,0,GBP
2016,Netherlands,NL,DRC,CD,6625200,0,5197005.636,0,GBP
2016,Sweden,SE,DRC,CD,12187288.69,0,9560074.867,0,GBP
2016,United Kingdom,GB,DRC,CD,20214340,0,15856734.73,0,GBP
2017,Belgium,BE,DRC,CD,3592800,0,2818300.104,0,GBP
2017,Germany,DE,DRC,CD,8220700,0,6448563.701,0,GBP
2017,Ireland,IE,DRC,CD,3881464,0,3044736.806,0,GBP
2017,Luxembourg,LU,DRC,CD,266125.01,0,208756.4416,0,GBP
2017,Netherlands,NL,DRC,CD,3519900,0,2761115.157,0,GBP
2017,Norway,NO,DRC,CD,2782622.85,0,2182772.842,0,GBP
2017,Sweden,SE,DRC,CD,17014352.83,0,13346568.79,0,GBP
2017,United Kingdom,GB,DRC,CD,30731350,0,24106592.88,0,GBP
2018,Belgium,BE,DRC,CD,5450550,0,4275574.937,0,GBP
2018,Canada,CA,DRC,CD,1592737.12,0,1249390.779,0,GBP
2018,Germany,DE,DRC,CD,9633050,0,7556453.412,0,GBP
2018,Ireland,IE,DRC,CD,3675576,0,2883232.082,0,GBP
2018,Luxembourg,LU,DRC,CD,370535.1,0,290658.8485,0,GBP
2018,Netherlands,NL,DRC,CD,8250200,0,6471704.386,0,GBP
2018,Norway,NO,DRC,CD,2088085.04,0,1637956.548,0,GBP
2018,Sweden,SE,DRC,CD,12160621.2,0,9539156.088,0,GBP
2018,UNF,UNF,DRC,CD,887.25,0,695.9855175,0,GBP
2018,United Kingdom,GB,DRC,CD,6436900,0,5049297.467,0,GBP
2019,Belgium,BE,DRC,CD,0,1736111.11,0,1361857.638,GBP
2019,Sweden,SE,DRC,CD,0,2394922.76,0,1878649.261,GBP
2006,Netherlands,NL,Ethiopia,ET,5012000,0,3931563.16,0,GBP
2006,Norway,NO,Ethiopia,ET,1553277,0,1218437.077,0,GBP
2006,Switzerland,CH,Ethiopia,ET,247934,0,194486.8676,0,GBP
2006,United Kingdom,GB,Ethiopia,ET,8861284,0,6951057.008,0,GBP
2007,Netherlands,NL,Ethiopia,ET,3395940,0,2663877.214,0,GBP
2007,Norway,NO,Ethiopia,ET,2022775.61,0,1586725.872,0,GBP
2007,Sweden,SE,Ethiopia,ET,577564.8,0,453059.1561,0,GBP
2007,United Kingdom,GB,Ethiopia,ET,7632793.06,0,5987391.86,0,GBP
2008,Ireland,IE,Ethiopia,ET,4352602.22,0,3414311.759,0,GBP
2008,Italy,IT,Ethiopia,ET,857232.7,0,672439.0469,0,GBP
2008,Netherlands,NL,Ethiopia,ET,25675584,0,20140698.36,0,GBP
2008,Norway,NO,Ethiopia,ET,2644227.99,0,2074211.762,0,GBP
2008,Spain,ES,Ethiopia,ET,1293661.06,0,1014786.545,0,GBP
2008,Sweden,SE,Ethiopia,ET,4090487.37,0,3208701.008,0,GBP
2008,Switzerland,CH,Ethiopia,ET,689852.77,0,541141.2084,0,GBP
2008,United Kingdom,GB,Ethiopia,ET,28489852.18,0,22348294.75,0,GBP
2009,Denmark,DK,Ethiopia,ET,4893091.82,0,3838288.016,0,GBP
2009,Ireland,IE,Ethiopia,ET,2033132.53,0,1594850.151,0,GBP
2009,Italy,IT,Ethiopia,ET,1010101,0,792353.5274,0,GBP
2009,Netherlands,NL,Ethiopia,ET,15441176,0,12112521.69,0,GBP
2009,Norway,NO,Ethiopia,ET,2232764.14,0,1751447.174,0,GBP
2009,Spain,ES,Ethiopia,ET,1443001.44,0,1131933.62,0,GBP
2009,Sweden,SE,Ethiopia,ET,6476849.86,0,5080635.336,0,GBP
2009,Switzerland,CH,Ethiopia,ET,699300.7,0,548552.4481,0,GBP
2009,United Kingdom,GB,Ethiopia,ET,11173248.41,0,8764631.25,0,GBP
2010,Netherlands,NL,Ethiopia,ET,9790210,0,7679734.43,0,GBP
2010,Norway,NO,Ethiopia,ET,747030.74,0,585993.3234,0,GBP
2010,Spain,ES,Ethiopia,ET,1221001.22,0,957789.987,0,GBP
2010,Sweden,SE,Ethiopia,ET,3696599.84,0,2899723.812,0,GBP
2011,Denmark,DK,Ethiopia,ET,5536274,0,4342819.414,0,GBP
2011,Ireland,IE,Ethiopia,ET,962128.24,0,754722.2553,0,GBP
2011,Italy,IT,Ethiopia,ET,709610.19,0,556639.5213,0,GBP
2011,Netherlands,NL,Ethiopia,ET,6875000,0,5392956.25,0,GBP
2011,Norway,NO,Ethiopia,ET,2120038.32,0,1663021.659,0,GBP
2011,Spain,ES,Ethiopia,ET,682128.24,0,535081.8553,0,GBP
2011,Sweden,SE,Ethiopia,ET,6159600.17,0,4831775.161,0,GBP
2011,Switzerland,CH,Ethiopia,ET,1783534.21,0,1399057.74,0,GBP
2011,UNF,UNF,Ethiopia,ET,93,0,72.95199,0,GBP
2011,United Kingdom,GB,Ethiopia,ET,17813610.4,0,13973530.41,0,GBP
2012,Denmark,DK,Ethiopia,ET,902391.08,0,707862.6349,0,GBP
2012,Ireland,IE,Ethiopia,ET,1093026.15,0,857402.5028,0,GBP
2012,Netherlands,NL,Ethiopia,ET,6428571,0,5042763.95,0,GBP
2012,Norway,NO,Ethiopia,ET,820417.37,0,643559.9975,0,GBP
2012,Spain,ES,Ethiopia,ET,649350.65,0,509370.1304,0,GBP
2012,Sweden,SE,Ethiopia,ET,4486132.26,0,3519056.729,0,GBP
2012,Switzerland,CH,Ethiopia,ET,619973.56,0,486325.8597,0,GBP
2012,United Kingdom,GB,Ethiopia,ET,12558869.7,0,9851554.159,0,GBP
2013,Ireland,IE,Ethiopia,ET,663129.97,0,520179.0424,0,GBP
2013,Netherlands,NL,Ethiopia,ET,1250000,0,980537.5,0,GBP
2013,Norway,NO,Ethiopia,ET,829988.62,0,651067.9732,0,GBP
2013,Sweden,SE,Ethiopia,ET,1515399.95,0,1188725.183,0,GBP
2013,Switzerland,CH,Ethiopia,ET,1294787.63,0,1015670.261,0,GBP
2013,United Kingdom,GB,Ethiopia,ET,9463722.4,0,7423627.762,0,GBP
2014,Ireland,IE,Ethiopia,ET,679347.83,0,532900.8183,0,GBP
2014,Norway,NO,Ethiopia,ET,688136.53,0,539794.9382,0,GBP
2014,Sweden,SE,Ethiopia,ET,3450492.92,0,2706670.161,0,GBP
2014,Switzerland,CH,Ethiopia,ET,989010.99,0,775809.8909,0,GBP
2014,UNF,UNF,Ethiopia,ET,4108.11,0,3222.524727,0,GBP
2014,United Kingdom,GB,Ethiopia,ET,14598519.05,0,11451516.3,0,GBP
2015,Denmark,DK,Ethiopia,ET,2928684.34,0,2297347.857,0,GBP
2015,Ireland,IE,Ethiopia,ET,4088302.73,0,3206987.31,0,GBP
2015,Netherlands,NL,Ethiopia,ET,5291005.29,0,4150423.28,0,GBP
2015,Sweden,SE,Ethiopia,ET,706687.99,0,554347.26,0,GBP
2015,Switzerland,CH,Ethiopia,ET,3073942.8,0,2411292.951,0,GBP
2015,United Kingdom,GB,Ethiopia,ET,43381925.71,0,34030083.98,0,GBP
2016,Australia,AU,Ethiopia,ET,3160012.13,0,2478808.315,0,GBP
2016,Denmark,DK,Ethiopia,ET,1493988.76,0,1171929.603,0,GBP
2016,Germany,DE,Ethiopia,ET,2254791.43,0,1768726.041,0,GBP
2016,Ireland,IE,Ethiopia,ET,1932059.45,0,1515565.394,0,GBP
2016,"Korea, Republic of",KR,Ethiopia,ET,500000,0,392215,0,GBP
2016,Sweden,SE,Ethiopia,ET,968768.01,0,759930.6901,0,GBP
2016,Switzerland,CH,Ethiopia,ET,1656254.07,0,1299215.38,0,GBP
2016,United Kingdom,GB,Ethiopia,ET,40540879.43,0,31801482.05,0,GBP
2016,United States,US,Ethiopia,ET,6700000,0,5255681,0,GBP
2017,Germany,DE,Ethiopia,ET,18851992.52,0,14788068.49,0,GBP
2017,Ireland,IE,Ethiopia,ET,3678371.13,0,2885424.666,0,GBP
2017,"Korea, Republic of",KR,Ethiopia,ET,500000,0,392215,0,GBP
2017,Norway,NO,Ethiopia,ET,1197036.48,0,938991.326,0,GBP
2017,Sweden,SE,Ethiopia,ET,5260130.96,0,4126204.529,0,GBP
2017,Switzerland,CH,Ethiopia,ET,2099093.43,0,1646591.859,0,GBP
2017,UNF,UNF,Ethiopia,ET,950.63,0,745.7026909,0,GBP
2017,United Kingdom,GB,Ethiopia,ET,21561440.86,0,16913441.05,0,GBP
2017,United States,US,Ethiopia,ET,29500000,0,23140685,0,GBP
2018,Germany,DE,Ethiopia,ET,14883567.3,0,11675116.7,0,GBP
2018,Ireland,IE,Ethiopia,ET,8970117.84,0,7036429.537,0,GBP
2018,Sweden,SE,Ethiopia,ET,6674819.02,0,5235928.284,0,GBP
2018,Switzerland,CH,Ethiopia,ET,1511597.39,0,1185742.341,0,GBP
2018,United Kingdom,GB,Ethiopia,ET,24618642.56,892857.14,19311601.78,700383.9263,GBP
2018,United States,US,Ethiopia,ET,14750000,0,11570342.5,0,GBP
2019,United Kingdom,GB,Ethiopia,ET,0,6887052.34,0,5402410.467,GBP
2020,United Kingdom,GB,Ethiopia,ET,0,8264462.81,0,6482892.562,GBP
2021,United Kingdom,GB,Ethiopia,ET,0,6887052.34,0,5402410.467,GBP
2007,Norway,NO,Haiti,HT,1833920.19,0,1438582.015,0,GBP
2008,Norway,NO,Haiti,HT,367060.55,0,287933.3072,0,GBP
2008,Sweden,SE,Haiti,HT,2418250.06,0,1896947.895,0,GBP
2008,United Kingdom,GB,Haiti,HT,921658.99,0,722976.9615,0,GBP
2010,Afghanistan,AF,Haiti,HT,200000,0,156886,0,GBP
2010,Algeria,DZ,Haiti,HT,500000,0,392215,0,GBP
2010,Andorra,AD,Haiti,HT,69920.17,0,54847.47895,0,GBP
2010,Armenia,AM,Haiti,HT,100000,0,78443,0,GBP
2010,Azerbaijan,AZ,Haiti,HT,499978,0,392197.7425,0,GBP
2010,Benin,BJ,Haiti,HT,86000,0,67460.98,0,GBP
2010,Botswana,BW,Haiti,HT,128100,0,100485.483,0,GBP
2010,Brazil,BR,Haiti,HT,7012539.37,0,5500846.258,0,GBP
2010,Brunei Darussalam,BN,Haiti,HT,52543.83,0,41216.95657,0,GBP
2010,Burundi,BI,Haiti,HT,161186.14,0,126439.2438,0,GBP
2010,Cambodia,KH,Haiti,HT,60000,0,47065.8,0,GBP
2010,"Congo, Republic of",CD,Haiti,HT,950000,0,745208.5,0,GBP
2010,Denmark,DK,Haiti,HT,5308352.61,0,4164031.038,0,GBP
2010,Equatorial Guinea,GQ,Haiti,HT,1999977,0,1568841.958,0,GBP
2010,France,FR,Haiti,HT,6747638.33,0,5293049.935,0,GBP
2010,Gabon,GA,Haiti,HT,1000000,0,784430,0,GBP
2010,Indonesia,ID,Haiti,HT,50000,0,39221.5,0,GBP
2010,Ireland,IE,Haiti,HT,127064.8,0,99673.44106,0,GBP
2010,Kazakhstan,KZ,Haiti,HT,99959,0,78410.83837,0,GBP
2010,Kenya,KE,Haiti,HT,1987.33,0,1558.921272,0,GBP
2010,"Macedonia, The former Yugoslav Republic of",MK,Haiti,HT,90000,0,70598.7,0,GBP
2010,Madagascar,MG,Haiti,HT,5000,0,3922.15,0,GBP
2010,Malta,MT,Haiti,HT,70028.01,0,54932.07188,0,GBP
2010,Moldova,MD,Haiti,HT,90000,0,70598.7,0,GBP
2010,Mongolia,MN,Haiti,HT,20000,0,15688.6,0,GBP
2010,Nigeria,NG,Haiti,HT,2501000,0,1961859.43,0,GBP
2010,Saudi Arabia,SA,Haiti,HT,50000000,0,39221500,0,GBP
2010,Sierra Leone,SL,Haiti,HT,100000,0,78443,0,GBP
2010,Slovenia,SI,Haiti,HT,277777.78,0,217897.224,0,GBP
2010,Sweden,SE,Haiti,HT,817559.99,0,641318.583,0,GBP
2010,Tunisia,TN,Haiti,HT,1000000,0,784430,0,GBP
2010,Uganda,UG,Haiti,HT,100000,0,78443,0,GBP
2010,UN and Other Agencies,UN,Haiti,HT,1070867.25,0,840020.3969,0,GBP
2010,UNF,UNF,Haiti,HT,187768.06,0,147290.8993,0,GBP
2010,Viet Nam,A,Haiti,HT,130000,0,101975.9,0,GBP
2011,Brunei Darussalam,BN,Haiti,HT,61337.58,0,48115.03788,0,GBP
2011,"Congo, Republic of",CD,Haiti,HT,400000,0,313772,0,GBP
2011,Moldova,MD,Haiti,HT,10308.64,0,8086.406475,0,GBP
2012,UNF,UNF,Haiti,HT,302.04,0,236.9292372,0,GBP
2013,Spain,ES,Haiti,HT,331125.83,0,259745.0348,0,GBP
2013,Sweden,SE,Haiti,HT,757699.97,0,594362.5875,0,GBP
2013,UNF,UNF,Haiti,HT,200,0,156.886,0,GBP
2013,United Kingdom,GB,Haiti,HT,1908396.95,0,1497003.819,0,GBP
2014,Sweden,SE,Haiti,HT,1457500.1,0,1143306.803,0,GBP
2014,United Kingdom,GB,Haiti,HT,1659000,0,1301369.37,0,GBP
2015,Sweden,SE,Haiti,HT,596302.92,0,467757.8995,0,GBP
2015,Germany,DE,Iraq,IQ,5538076.58,0,4344233.412,0,GBP
2015,Ireland,IE,Iraq,IQ,1096491.23,0,860120.6155,0,GBP
2015,Netherlands,NL,Iraq,IQ,20672683.18,0,16216272.87,0,GBP
2015,Sweden,SE,Iraq,IQ,943600.59,0,740188.6108,0,GBP
2015,United Kingdom,GB,Iraq,IQ,29353019.88,0,23025389.38,0,GBP
2016,Australia,AU,Iraq,IQ,1518213.43,0,1190932.161,0,GBP
2016,Belgium,BE,Iraq,IQ,3311258.28,0,2597450.333,0,GBP
2016,Canada,CA,Iraq,IQ,374930.35,0,294106.6145,0,GBP
2016,Cyprus,CY,Iraq,IQ,10615.71,0,8327.281395,0,GBP
2016,Denmark,DK,Iraq,IQ,3553457.72,0,2787438.839,0,GBP
2016,Germany,DE,Iraq,IQ,15984809.35,0,12538964,0,GBP
2016,Ireland,IE,Iraq,IQ,2733811.93,0,2144484.092,0,GBP
2016,Netherlands,NL,Iraq,IQ,11476634.13,0,9002616.111,0,GBP
2016,Norway,NO,Iraq,IQ,4338306.74,0,3403097.956,0,GBP
2016,Sweden,SE,Iraq,IQ,3791365.78,0,2974061.059,0,GBP
2016,United Kingdom,GB,Iraq,IQ,50071434.78,0,39277535.58,0,GBP
2016,United States,US,Iraq,IQ,5000000,0,3922150,0,GBP
2017,Belgium,BE,Iraq,IQ,6739443.43,0,5286621.61,0,GBP
2017,Canada,CA,Iraq,IQ,369691.51,0,289997.1112,0,GBP
2017,Cyprus,CY,Iraq,IQ,11848.34,0,9294.193346,0,GBP
2017,Germany,DE,Iraq,IQ,46345497.43,0,36354798.55,0,GBP
2017,Ireland,IE,Iraq,IQ,2171552.66,0,1703431.053,0,GBP
2017,Netherlands,NL,Iraq,IQ,6538102.38,0,5128683.65,0,GBP
2017,Sweden,SE,Iraq,IQ,2018141.98,0,1583091.113,0,GBP
2017,UNF,UNF,Iraq,IQ,258.38,0,202.6810234,0,GBP
2017,United Kingdom,GB,Iraq,IQ,21222168.41,0,16647305.57,0,GBP
2018,Belgium,BE,Iraq,IQ,3703703.7,0,2905296.293,0,GBP
2018,Canada,CA,Iraq,IQ,381401.92,0,299183.1081,0,GBP
2018,Germany,DE,Iraq,IQ,9318181.82,0,7309461.365,0,GBP
2018,Ireland,IE,Iraq,IQ,2469135.8,0,1936864.196,0,GBP
2018,Luxembourg,LU,Iraq,IQ,370370.37,0,290529.6293,0,GBP
2018,Malaysia,MY,Iraq,IQ,100000,0,78443,0,GBP
2018,Netherlands,NL,Iraq,IQ,8254716.98,0,6475247.641,0,GBP
2018,Qatar,QA,Iraq,IQ,999991.1,0,784423.0186,0,GBP
2018,Sweden,SE,Iraq,IQ,1893890.96,0,1485624.886,0,GBP
2018,United Kingdom,GB,Iraq,IQ,11228533.69,0,8807998.682,0,GBP
2018,United States,US,Iraq,IQ,10000000,0,7844300,0,GBP
2019,Qatar,QA,Iraq,IQ,0,1000000,0,784430,GBP
2014,Germany,DE,Jordan,JO,1239157.37,0,972032.2157,0,GBP
2014,India,IN,Jordan,JO,500000,0,392215,0,GBP
2014,Sweden,SE,Jordan,JO,660796.39,0,518348.5122,0,GBP
2015,Belgium,BE,Jordan,JO,5745097.47,0,4506626.808,0,GBP
2015,Netherlands,NL,Jordan,JO,3174603.17,0,2490253.965,0,GBP
2015,Sweden,SE,Jordan,JO,1713153.06,0,1343848.655,0,GBP
2016,Belgium,BE,Jordan,JO,5918827.51,0,4642905.864,0,GBP
2016,Ireland,IE,Jordan,JO,1592356.69,0,1249092.358,0,GBP
2016,Netherlands,NL,Jordan,JO,1109877.91,0,870621.5289,0,GBP
2016,Sweden,SE,Jordan,JO,1210960.01,0,949913.3606,0,GBP
2016,United Kingdom,GB,Jordan,JO,2857142.86,0,2241228.574,0,GBP
2017,Belgium,BE,Jordan,JO,1768867.92,0,1387553.062,0,GBP
2017,Germany,DE,Jordan,JO,2369668.25,0,1858838.865,0,GBP
2017,Ireland,IE,Jordan,JO,1600853.79,0,1255757.738,0,GBP
2017,Sweden,SE,Jordan,JO,1717580.99,0,1347322.056,0,GBP
2017,United Kingdom,GB,Jordan,JO,2587322.12,0,2029573.091,0,GBP
2018,Belgium,BE,Jordan,JO,1851851.85,0,1452648.147,0,GBP
2018,Germany,DE,Jordan,JO,0,2844141.07,0,2231029.58,GBP
2018,Ireland,IE,Jordan,JO,1851851.85,0,1452648.147,0,GBP
2018,Italy,IT,Jordan,JO,585480.09,0,459268.147,0,GBP
2018,Sweden,SE,Jordan,JO,3314696.99,0,2600147.76,0,GBP
2014,Denmark,DK,Lebanon,LB,1004049.67,0,787606.6826,0,GBP
2014,Germany,DE,Lebanon,LB,2478314.75,0,1944064.439,0,GBP
2014,India,IN,Lebanon,LB,500000,0,392215,0,GBP
2014,Sweden,SE,Lebanon,LB,660796.39,0,518348.5122,0,GBP
2015,Belgium,BE,Lebanon,LB,6304381.58,0,4945346.043,0,GBP
2015,Denmark,DK,Lebanon,LB,741179.96,0,581403.796,0,GBP
2015,Iceland,IS,Lebanon,LB,750000,0,588322.5,0,GBP
2015,Netherlands,NL,Lebanon,LB,10317460.32,0,8093325.399,0,GBP
2015,Sweden,SE,Lebanon,LB,1142102.04,0,895899.1032,0,GBP
2016,Belgium,BE,Lebanon,LB,6482525.37,0,5085087.376,0,GBP
2016,Germany,DE,Lebanon,LB,1691093.57,0,1326544.529,0,GBP
2016,Ireland,IE,Lebanon,LB,1061571.13,0,832728.2415,0,GBP
2016,Netherlands,NL,Lebanon,LB,2219755.83,0,1741243.066,0,GBP
2016,Sweden,SE,Lebanon,LB,1210960.01,0,949913.3606,0,GBP
2017,Belgium,BE,Lebanon,LB,1768867.92,0,1387553.062,0,GBP
2017,Denmark,DK,Lebanon,LB,3207530.77,0,2516083.362,0,GBP
2017,France,FR,Lebanon,LB,592417.06,0,464709.7144,0,GBP
2017,Germany,DE,Lebanon,LB,3554502.37,0,2788258.294,0,GBP
2017,Iceland,IS,Lebanon,LB,200000,0,156886,0,GBP
2017,Ireland,IE,Lebanon,LB,1600853.79,0,1255757.738,0,GBP
2017,Sweden,SE,Lebanon,LB,1717580.99,0,1347322.056,0,GBP
2017,UNF,UNF,Lebanon,LB,78,0,61.18554,0,GBP
2018,Belgium,BE,Lebanon,LB,1851851.85,0,1452648.147,0,GBP
2018,Germany,DE,Lebanon,LB,0,2840909.09,0,2228494.317,GBP
2018,Iceland,IS,Lebanon,LB,251990.73,0,197669.0883,0,GBP
2018,Ireland,IE,Lebanon,LB,2415458.94,0,1894758.456,0,GBP
2018,Qatar,QA,Lebanon,LB,499995.55,0,392211.5093,0,GBP
2018,Sweden,SE,Lebanon,LB,1893890.96,0,1485624.886,0,GBP
2018,Switzerland,CH,Lebanon,LB,501504.51,0,393395.1828,0,GBP
2019,Qatar,QA,Lebanon,LB,0,500000,0,392215,GBP
2019,Switzerland,CH,Lebanon,LB,0,501504.51,0,393395.1828,GBP
2020,Switzerland,CH,Lebanon,LB,0,501504.51,0,393395.1828,GBP
2021,Switzerland,CH,Lebanon,LB,0,501504.51,0,393395.1828,GBP
2007,United Kingdom,GB,Myanmar,MM,801603.21,0,628801.606,0,GBP
2008,United Kingdom,GB,Myanmar,MM,1086956.52,0,852641.303,0,GBP
2009,Sweden,SE,Myanmar,MM,1563540.07,0,1226487.737,0,GBP
2009,United Kingdom,GB,Myanmar,MM,414593.7,0,325219.7361,0,GBP
2011,Sweden,SE,Myanmar,MM,2199674.17,0,1725490.409,0,GBP
2012,Australia,AU,Myanmar,MM,1047200,0,821455.096,0,GBP
2013,Sweden,SE,Myanmar,MM,757699.97,0,594362.5875,0,GBP
2014,Australia,AU,Myanmar,MM,1881400,0,1475826.602,0,GBP
2014,Sweden,SE,Myanmar,MM,728750.05,0,571653.4017,0,GBP
2014,United Kingdom,GB,Myanmar,MM,1658503.4,0,1300979.822,0,GBP
2015,Australia,AU,Myanmar,MM,1127385.05,0,884354.6548,0,GBP
2015,Sweden,SE,Myanmar,MM,589750.37,0,462617.8827,0,GBP
2015,United Kingdom,GB,Myanmar,MM,1626162.39,0,1275610.564,0,GBP
2016,Australia,AU,Myanmar,MM,1101920.11,0,864379.1919,0,GBP
2016,Denmark,DK,Myanmar,MM,1421326.93,0,1114931.484,0,GBP
2016,Sweden,SE,Myanmar,MM,1210960.02,0,949913.3685,0,GBP
2016,Switzerland,CH,Myanmar,MM,493096.65,0,386799.8052,0,GBP
2016,United Kingdom,GB,Myanmar,MM,4133928.57,0,3242777.588,0,GBP
2017,Australia,AU,Myanmar,MM,2258696.44,0,1771789.248,0,GBP
2017,Canada,CA,Myanmar,MM,374939.09,0,294113.4704,0,GBP
2017,Luxembourg,LU,Myanmar,MM,265392.78,0,208182.0584,0,GBP
2017,Sweden,SE,Myanmar,MM,1233308.98,0,967444.5632,0,GBP
2017,Switzerland,CH,Myanmar,MM,205761.32,0,161405.3522,0,GBP
2017,UNF,UNF,Myanmar,MM,2213.25,0,1736.139698,0,GBP
2017,United Kingdom,GB,Myanmar,MM,3221649.48,0,2527158.502,0,GBP
2018,Australia,AU,Myanmar,MM,2287436.87,0,1794334.104,0,GBP
2018,Canada,CA,Myanmar,MM,773961.83,0,607118.8783,0,GBP
2018,Germany,DE,Myanmar,MM,1136363.64,0,891397.7301,0,GBP
2018,Luxembourg,LU,Myanmar,MM,370370.37,0,290529.6293,0,GBP
2018,Malta,MT,Myanmar,MM,31055.9,0,24361.17964,0,GBP
2018,New Zealand,NZ,Myanmar,MM,686598.98,0,538588.8379,0,GBP
2018,Sweden,SE,Myanmar,MM,1262593.98,0,990416.5957,0,GBP
2018,Switzerland,CH,Myanmar,MM,202020.2,0,158470.7055,0,GBP
2018,United Kingdom,GB,Myanmar,MM,3342245.99,0,2621758.022,0,GBP
2018,United States,US,Myanmar,MM,4250000,0,3333827.5,0,GBP
2019,United Kingdom,GB,Myanmar,MM,0,3639010.19,0,2854548.763,GBP
2017,AGFUND,AG,Nigeria,NG,24982.5,0,19597.02248,0,GBP
2017,Azerbaijan,AZ,Nigeria,NG,12500,0,9805.375,0,GBP
2017,Belgium,BE,Nigeria,NG,2358490.57,0,1850070.758,0,GBP
2017,Canada,CA,Nigeria,NG,775088.05,0,608002.3191,0,GBP
2017,Denmark,DK,Nigeria,NG,4768187.96,0,3740309.681,0,GBP
2017,Germany,DE,Nigeria,NG,10168218.14,0,7976255.356,0,GBP
2017,Ireland,IE,Nigeria,NG,2275312.86,0,1784823.667,0,GBP
2017,"Korea, Republic of",KR,Nigeria,NG,1000000,0,784430,0,GBP
2017,Luxembourg,LU,Nigeria,NG,284414.11,0,223102.9603,0,GBP
2017,Malta,MT,Nigeria,NG,21482.28,0,16851.3449,0,GBP
2017,Netherlands,NL,Nigeria,NG,4807692.31,0,3771298.079,0,GBP
2017,Norway,NO,Nigeria,NG,2967426.15,0,2327738.095,0,GBP
2017,Spain,ES,Nigeria,NG,597371.56,0,468596.1728,0,GBP
2017,Sri Lanka,LK,Nigeria,NG,1250,0,980.5375,0,GBP
2017,Sweden,SE,Nigeria,NG,11911831.75,0,9343998.18,0,GBP
2017,Switzerland,CH,Nigeria,NG,1712383.11,0,1343244.683,0,GBP
2017,UNF,UNF,Nigeria,NG,7751.75,0,6080.705253,0,GBP
2018,Belgium,BE,Nigeria,NG,2469135.8,0,1936864.196,0,GBP
2018,Canada,CA,Nigeria,NG,77454.9,0,60757.94721,0,GBP
2018,Germany,DE,Nigeria,NG,6590909.09,0,5170106.817,0,GBP
2018,Iceland,IS,Nigeria,NG,239165.79,0,187608.8206,0,GBP
2018,Ireland,IE,Nigeria,NG,2285714.29,0,1792982.861,0,GBP
2018,Luxembourg,LU,Nigeria,NG,370370.37,0,290529.6293,0,GBP
2018,Netherlands,NL,Nigeria,NG,8254716.98,0,6475247.641,0,GBP
2018,Norway,NO,Nigeria,NG,1861107.19,936658.47,1459908.313,734743.0036,GBP
2018,Sweden,SE,Nigeria,NG,2525187.95,0,1980833.184,0,GBP
2018,Switzerland,CH,Nigeria,NG,1518218.62,0,1190936.232,0,GBP
2007,Spain,ES,oPt,PS,4000000,0,3137720,0,GBP
2007,Sweden,SE,oPt,PS,1469495.63,0,1152716.457,0,GBP
2008,Norway,NO,oPt,PS,713840.03,0,559957.5347,0,GBP
2008,Spain,ES,oPt,PS,918635.17,0,720604.9864,0,GBP
2008,Sweden,SE,oPt,PS,893735.02,0,701072.5617,0,GBP
2009,Ireland,IE,oPt,PS,661375.66,0,518802.909,0,GBP
2009,Netherlands,NL,oPt,PS,1102941,0,865180.0086,0,GBP
2009,Norway,NO,oPt,PS,778258.57,0,610489.3701,0,GBP
2009,Sweden,SE,oPt,PS,3072520.04,0,2410176.895,0,GBP
2009,Switzerland,CH,oPt,PS,499500.5,0,391823.1772,0,GBP
2009,United Kingdom,GB,oPt,PS,1436781.61,0,1127054.598,0,GBP
2010,Norway,NO,oPt,PS,760184.96,0,596311.8882,0,GBP
2010,Spain,ES,oPt,PS,1622398.62,0,1272658.149,0,GBP
2010,United Kingdom,GB,oPt,PS,1600000,0,1255088,0,GBP
2011,Norway,NO,oPt,PS,1701438.98,0,1334659.779,0,GBP
2011,Spain,ES,oPt,PS,682128.24,0,535081.8553,0,GBP
2011,Sweden,SE,oPt,PS,1275600.1,0,1000618.986,0,GBP
2012,Denmark,DK,oPt,PS,1082836.48,0,849409.42,0,GBP
2012,Ireland,IE,oPt,PS,62735.26,0,49211.42,0,GBP
2012,Spain,ES,oPt,PS,649350.65,0,509370.1304,0,GBP
2012,Sweden,SE,oPt,PS,1131120,0,887284.4616,0,GBP
2012,Switzerland,CH,oPt,PS,539956.8,0,423558.3126,0,GBP
2013,Germany,DE,oPt,PS,402178.71,0,315481.0455,0,GBP
2013,Iceland,IS,oPt,PS,200000,0,156886,0,GBP
2013,Ireland,IE,oPt,PS,137741.05,0,108048.2119,0,GBP
2013,Norway,NO,oPt,PS,1614481.51,0,1266447.731,0,GBP
2013,Spain,ES,oPt,PS,397350.99,0,311694.0371,0,GBP
2013,Sweden,SE,oPt,PS,458394.52,0,359578.4133,0,GBP
2013,Switzerland,CH,oPt,PS,2375422.77,0,1863352.883,0,GBP
2014,Denmark,DK,oPt,PS,982912.98,0,771026.4289,0,GBP
2014,Germany,DE,oPt,PS,627500,0,492229.825,0,GBP
2014,Iceland,IS,oPt,PS,130000,0,101975.9,0,GBP
2014,Ireland,IE,oPt,PS,133689.84,0,104870.3212,0,GBP
2014,Spain,ES,oPt,PS,317662.01,0,249183.6105,0,GBP
2014,Sweden,SE,oPt,PS,2845150.14,0,2231821.124,0,GBP
2014,Switzerland,CH,oPt,PS,2711434.72,0,2126930.737,0,GBP
2015,Belgium,BE,oPt,PS,2796420.58,0,2193596.196,0,GBP
2015,Germany,DE,oPt,PS,1639344.26,0,1285950.818,0,GBP
2015,Ireland,IE,oPt,PS,221238.94,0,173546.4617,0,GBP
2015,Norway,NO,oPt,PS,593264.61,0,465374.558,0,GBP
2015,Spain,ES,oPt,PS,546448.09,0,428650.2752,0,GBP
2015,Sweden,SE,oPt,PS,1185209.57,0,929713.943,0,GBP
2015,Switzerland,CH,oPt,PS,505050.51,0,396176.7716,0,GBP
2016,Belgium,BE,oPt,PS,2818489.29,0,2210907.554,0,GBP
2016,Germany,DE,oPt,PS,1698754.25,0,1332553.796,0,GBP
2016,Ireland,IE,oPt,PS,212314.23,0,166545.6514,0,GBP
2016,Norway,NO,oPt,PS,706515.99,0,554212.338,0,GBP
2016,Spain,ES,oPt,PS,560538.12,0,439702.9175,0,GBP
2016,Sweden,SE,oPt,PS,2171779.98,0,1703609.37,0,GBP
2016,Switzerland,CH,oPt,PS,1910917.68,0,1498981.156,0,GBP
2017,Belgium,BE,oPt,PS,2830188.68,0,2220084.906,0,GBP
2017,Germany,DE,oPt,PS,2209384.59,0,1733107.554,0,GBP
2017,Iceland,IS,oPt,PS,150000,0,117664.5,0,GBP
2017,Ireland,IE,oPt,PS,355450.24,0,278825.8318,0,GBP
2017,Italy,IT,oPt,PS,589622.64,0,462517.6875,0,GBP
2017,Malta,MT,oPt,PS,35294.12,0,27685.76655,0,GBP
2017,Norway,NO,oPt,PS,511064.37,0,400894.2238,0,GBP
2017,Spain,ES,oPt,PS,823529.41,0,646001.1751,0,GBP
2017,Sweden,SE,oPt,PS,1761114.25,0,1381470.851,0,GBP
2017,Turkey,TR,oPt,PS,500000,0,392215,0,GBP
2017,UNF,UNF,oPt,PS,4287.08,0,3362.914164,0,GBP
2018,Australia,AU,oPt,PS,7466117.5,0,5856646.551,0,GBP
2018,Belgium,BE,oPt,PS,2962962.96,0,2324237.035,0,GBP
2018,Germany,DE,oPt,PS,5925095.44,0,4647822.616,0,GBP
2018,Iceland,IS,oPt,PS,239165.79,0,187608.8206,0,GBP
2018,Ireland,IE,oPt,PS,0,341296.93,0,267723.5508,GBP
2018,Italy,IT,oPt,PS,568181.82,0,445698.8651,0,GBP
2018,Norway,NO,oPt,PS,3086923.31,0,2421475.252,0,GBP
2018,Spain,ES,oPt,PS,707547.17,0,555021.2266,0,GBP
2018,Sweden,SE,oPt,PS,3576133.06,0,2805226.056,0,GBP
2018,Switzerland,CH,oPt,PS,3014111.04,0,2364359.123,0,GBP
2019,Switzerland,CH,oPt,PS,0,1001001,0,785215.2144,GBP
2020,Switzerland,CH,oPt,PS,0,1001001,0,785215.2144,GBP
2010,Australia,AU,Pakistan,PK,1803000,0,1414327.29,0,GBP
2010,Azerbaijan,AZ,Pakistan,PK,1999956,0,1568825.485,0,GBP
2010,Botswana,BW,Pakistan,PK,103040,0,80827.6672,0,GBP
2010,Chile,CL,Pakistan,PK,5000,0,3922.15,0,GBP
2010,India,IN,Pakistan,PK,20000000,0,15688600,0,GBP
2010,Kazakhstan,KZ,Pakistan,PK,99959,0,78410.83837,0,GBP
2010,Malta,MT,Pakistan,PK,12706.48,0,9967.344106,0,GBP
2010,New Zealand,NZ,Pakistan,PK,1454880,0,1141251.518,0,GBP
2010,Norway,NO,Pakistan,PK,3211035.9,0,2518832.891,0,GBP
2010,UNF,UNF,Pakistan,PK,121054.18,0,94958.53042,0,GBP
2010,United Kingdom,GB,Pakistan,PK,7824726.13,0,6137949.918,0,GBP
2011,Montenegro,ME,Pakistan,PK,70316.9,0,55158.68587,0,GBP
2011,Norway,NO,Pakistan,PK,1863078.48,0,1461454.652,0,GBP
2011,UNF,UNF,Pakistan,PK,26493.91,0,20782.61782,0,GBP
2012,Norway,NO,Pakistan,PK,874283.76,0,685814.4099,0,GBP
2012,United Kingdom,GB,Pakistan,PK,4846526.66,0,3801760.908,0,GBP
2013,Norway,NO,Pakistan,PK,1681908.97,0,1319339.853,0,GBP
2013,Sweden,SE,Pakistan,PK,3807372.53,0,2986617.234,0,GBP
2013,United Kingdom,GB,Pakistan,PK,4651162.79,0,3648511.627,0,GBP
2014,Sweden,SE,Pakistan,PK,8665802.83,0,6797715.714,0,GBP
2015,Sweden,SE,Pakistan,PK,2020877.38,0,1585236.843,0,GBP
2015,United Kingdom,GB,Pakistan,PK,3076923.08,0,2413630.772,0,GBP
2016,Sweden,SE,Pakistan,PK,4480552.04,0,3514679.437,0,GBP
2016,United Kingdom,GB,Pakistan,PK,2840909.09,0,2228494.317,0,GBP
2017,Sweden,SE,Pakistan,PK,4484759.94,0,3517980.24,0,GBP
2017,UNF,UNF,Pakistan,PK,887.25,0,695.9855175,0,GBP
2017,United Kingdom,GB,Pakistan,PK,2490660.02,0,1953748.439,0,GBP
2018,Canada,CA,Pakistan,PK,388289.2,0,304585.6972,0,GBP
2018,Sweden,SE,Pakistan,PK,2903966.14,0,2277958.159,0,GBP
2018,United Kingdom,GB,Pakistan,PK,4078167.9,0,3199037.246,0,GBP
2010,Denmark,DK,Somalia,SO,4317416.46,0,3386710.994,0,GBP
2010,Finland,FI,Somalia,SO,2617200,0,2053010.196,0,GBP
2010,Ireland,IE,Somalia,SO,1291672.01,0,1013226.275,0,GBP
2010,Italy,IT,Somalia,SO,2618000,0,2053637.74,0,GBP
2010,Netherlands,NL,Somalia,SO,9042657,0,7093331.431,0,GBP
2010,Norway,NO,Somalia,SO,1700000,0,1333531,0,GBP
2010,Sweden,SE,Somalia,SO,2558475,0,2006944.544,0,GBP
2010,Switzerland,CH,Somalia,SO,936182.09,0,734369.3169,0,GBP
2010,United Kingdom,GB,Somalia,SO,6100000,0,4785023,0,GBP
2011,Australia,AU,Somalia,SO,3098400,0,2430477.912,0,GBP
2011,Azerbaijan,AZ,Somalia,SO,100000,0,78443,0,GBP
2011,Denmark,DK,Somalia,SO,11201376.56,0,8786695.815,0,GBP
2011,Finland,FI,Somalia,SO,2811000,0,2205032.73,0,GBP
2011,Guyana,GY,Somalia,SO,75000,0,58832.25,0,GBP
2011,Ireland,IE,Somalia,SO,3403842.89,0,2670076.478,0,GBP
2011,Netherlands,NL,Somalia,SO,18700000,0,14668841,0,GBP
2011,Norway,NO,Somalia,SO,15659747.91,0,12283976.05,0,GBP
2011,Poland,PL,Somalia,SO,297920.51,0,233697.7857,0,GBP
2011,PRIVATE SECTOR,,Somalia,SO,10000,0,7844.3,0,GBP
2011,Sweden,SE,Somalia,SO,8286100.21,0,6499865.588,0,GBP
2011,Switzerland,CH,Somalia,SO,3374374.11,0,2646960.283,0,GBP
2011,United Kingdom,GB,Somalia,SO,32648523.04,0,25610480.93,0,GBP
2012,Australia,AU,Somalia,SO,9154900,0,7181378.207,0,GBP
2012,Denmark,DK,Somalia,SO,5332480.14,0,4182957.396,0,GBP
2012,Finland,FI,Somalia,SO,3990600,0,3130346.358,0,GBP
2012,Germany,DE,Somalia,SO,2529700,0,1984372.571,0,GBP
2012,Ireland,IE,Somalia,SO,4291664.4,0,3366510.305,0,GBP
2012,Netherlands,NL,Somalia,SO,8500000,0,6667655,0,GBP
2012,Norway,NO,Somalia,SO,3474001.61,0,2725111.083,0,GBP
2012,Sweden,SE,Somalia,SO,6852934.61,0,5375647.496,0,GBP
2012,Switzerland,CH,Somalia,SO,1801451.7,0,1413112.757,0,GBP
2012,United Kingdom,GB,Somalia,SO,25086400,0,19678524.75,0,GBP
2013,African Union,A,Somalia,SO,1999978,0,1568842.743,0,GBP
2013,Australia,AU,Somalia,SO,3689200,0,2893919.156,0,GBP
2013,Denmark,DK,Somalia,SO,3553218.33,0,2787251.055,0,GBP
2013,Finland,FI,Somalia,SO,3895200,0,3055511.736,0,GBP
2013,Germany,DE,Somalia,SO,1320150,0,1035565.265,0,GBP
2013,Ireland,IE,Somalia,SO,4580190,0,3592838.442,0,GBP
2013,Netherlands,NL,Somalia,SO,1562500,0,1225671.875,0,GBP
2013,Sweden,SE,Somalia,SO,9805303.09,0,7691573.903,0,GBP
2013,Switzerland,CH,Somalia,SO,532708.29,0,417872.3639,0,GBP
2013,United Kingdom,GB,Somalia,SO,28977300,0,22730663.44,0,GBP
2014,Australia,AU,Somalia,SO,4383984.65,0,3438929.079,0,GBP
2014,Denmark,DK,Somalia,SO,5602588.94,0,4394838.842,0,GBP
2014,Finland,FI,Somalia,SO,1860600,0,1459510.458,0,GBP
2014,Germany,DE,Somalia,SO,1255980,0,985228.3914,0,GBP
2014,Ireland,IE,Somalia,SO,4042340,0,3170932.766,0,GBP
2014,Netherlands,NL,Somalia,SO,1268400,0,994971.012,0,GBP
2014,Sweden,SE,Somalia,SO,10660600.65,0,8362494.968,0,GBP
2014,Switzerland,CH,Somalia,SO,2039941.04,0,1600190.95,0,GBP
2014,United Kingdom,GB,Somalia,SO,10975300,0,8609354.579,0,GBP
2015,Australia,AU,Somalia,SO,3594485.62,0,2819622.355,0,GBP
2015,Denmark,DK,Somalia,SO,6948397.58,0,5450531.514,0,GBP
2015,Germany,DE,Somalia,SO,1091580,0,856268.0994,0,GBP
2015,Ireland,IE,Somalia,SO,3274140,0,2568333.64,0,GBP
2015,Sweden,SE,Somalia,SO,7055405.17,0,5534471.478,0,GBP
2015,Switzerland,CH,Somalia,SO,1343028.33,0,1053511.713,0,GBP
2015,United Kingdom,GB,Somalia,SO,7460500,0,5852240.015,0,GBP
2016,Australia,AU,Somalia,SO,1491997.61,0,1170367.685,0,GBP
2016,Denmark,DK,Somalia,SO,6785323.51,0,5322611.321,0,GBP
2016,Germany,DE,Somalia,SO,2245800,0,1761672.894,0,GBP
2016,Ireland,IE,Somalia,SO,3278970,0,2572122.437,0,GBP
2016,Netherlands,NL,Somalia,SO,1115200,0,874796.336,0,GBP
2016,Sweden,SE,Somalia,SO,7506157.99,0,5888055.512,0,GBP
2016,Switzerland,CH,Somalia,SO,1509813.79,0,1184343.231,0,GBP
2016,United Kingdom,GB,Somalia,SO,6321500,0,4958774.245,0,GBP
2017,AGFUND,AG,Somalia,SO,25000,0,19610.75,0,GBP
2017,Australia,AU,Somalia,SO,7355825.28,0,5770130.024,0,GBP
2017,Azerbaijan,AZ,Somalia,SO,12500,0,9805.375,0,GBP
2017,Canada,CA,Somalia,SO,857326.64,0,672512.7362,0,GBP
2017,Denmark,DK,Somalia,SO,3171582.62,0,2487884.555,0,GBP
2017,Germany,DE,Somalia,SO,12686285.01,0,9951502.55,0,GBP
2017,Ireland,IE,Somalia,SO,3194392,0,2505776.917,0,GBP
2017,"Korea, Republic of",KR,Somalia,SO,300000,0,235329,0,GBP
2017,Netherlands,NL,Somalia,SO,5429600,0,4259141.128,0,GBP
2017,Norway,NO,Somalia,SO,4497184.28,0,3527726.265,0,GBP
2017,Sri Lanka,LK,Somalia,SO,1250,0,980.5375,0,GBP
2017,Sweden,SE,Somalia,SO,8400333.46,0,6589473.576,0,GBP
2017,Switzerland,CH,Somalia,SO,2773231.84,0,2175406.252,0,GBP
2017,United Kingdom,GB,Somalia,SO,4026000,0,3158115.18,0,GBP
2018,Australia,AU,Somalia,SO,3026521.34,0,2374094.135,0,GBP
2018,Canada,CA,Somalia,SO,1566968.87,0,1229177.391,0,GBP
2018,Denmark,DK,Somalia,SO,4120041.53,0,3231884.177,0,GBP
2018,Germany,DE,Somalia,SO,13635600,0,10696173.71,0,GBP
2018,Ireland,IE,Somalia,SO,3635376,0,2851697.996,0,GBP
2018,Netherlands,NL,Somalia,SO,4697600,0,3684938.368,0,GBP
2018,Norway,NO,Somalia,SO,4309773.06,0,3380715.281,0,GBP
2018,Sweden,SE,Somalia,SO,6578530.91,0,5160397.002,0,GBP
2018,Switzerland,CH,Somalia,SO,1529473.23,0,1199764.686,0,GBP
2018,UNF,UNF,Somalia,SO,100158.68,0,78567.47335,0,GBP
2018,United Kingdom,GB,Somalia,SO,2646200,4010695.19,2075758.666,3146109.628,GBP
2012,Australia,AU,South Sudan,SS,9345700,0,7331047.451,0,GBP
2012,Denmark,DK,South Sudan,SS,5123825.79,0,4019282.664,0,GBP
2012,Ireland,IE,South Sudan,SS,2918882.4,0,2289658.921,0,GBP
2012,Netherlands,NL,South Sudan,SS,20000000,0,15688600,0,GBP
2012,Norway,NO,South Sudan,SS,12106629.98,0,9496803.755,0,GBP
2012,Sweden,SE,South Sudan,SS,19082324.3,0,14968747.65,0,GBP
2012,United Kingdom,GB,South Sudan,SS,49695300,0,38982484.18,0,GBP
2013,Australia,AU,South Sudan,SS,4816300,0,3778050.209,0,GBP
2013,Denmark,DK,South Sudan,SS,7054289.98,0,5533596.689,0,GBP
2013,Ireland,IE,South Sudan,SS,3213040,0,2520404.967,0,GBP
2013,Netherlands,NL,South Sudan,SS,5000000,0,3922150,0,GBP
2013,Norway,NO,South Sudan,SS,8547008.55,0,6704529.917,0,GBP
2013,Sweden,SE,South Sudan,SS,13997672.4,0,10980194.16,0,GBP
2013,United Kingdom,GB,South Sudan,SS,77014064.18,0,60412142.36,0,GBP
2014,Australia,AU,South Sudan,SS,7009884.66,0,5498763.824,0,GBP
2014,Belgium,BE,South Sudan,SS,6276525.01,0,4923494.514,0,GBP
2014,Denmark,DK,South Sudan,SS,8316944.22,0,6524060.554,0,GBP
2014,Germany,DE,South Sudan,SS,1957850,0,1535796.276,0,GBP
2014,Ireland,IE,South Sudan,SS,4020240,0,3153596.863,0,GBP
2014,Netherlands,NL,South Sudan,SS,15665100,0,12288174.39,0,GBP
2014,Norway,NO,South Sudan,SS,11378413.04,0,8925568.541,0,GBP
2014,Sweden,SE,South Sudan,SS,33224824.35,0,26062548.96,0,GBP
2014,Switzerland,CH,South Sudan,SS,2049511.15,0,1607698.031,0,GBP
2014,United Kingdom,GB,South Sudan,SS,42510000,0,33346119.3,0,GBP
2015,Australia,AU,South Sudan,SS,7395964.49,0,5801616.425,0,GBP
2015,Denmark,DK,South Sudan,SS,2985306.32,0,2341763.837,0,GBP
2015,Germany,DE,South Sudan,SS,1091580,0,856268.0994,0,GBP
2015,Ireland,IE,South Sudan,SS,3255570,0,2553766.775,0,GBP
2015,Italy,IT,South Sudan,SS,550665.01,0,431958.1538,0,GBP
2015,Netherlands,NL,South Sudan,SS,5346500,0,4193954.995,0,GBP
2015,Norway,NO,South Sudan,SS,9074470.1,0,7118286.581,0,GBP
2015,Sweden,SE,South Sudan,SS,12854447.59,0,10083414.32,0,GBP
2015,Switzerland,CH,South Sudan,SS,1770696.85,0,1388987.73,0,GBP
2015,United Kingdom,GB,South Sudan,SS,52844750,0,41453007.24,0,GBP
2016,Australia,AU,South Sudan,SS,2237996.42,0,1755551.532,0,GBP
2016,Belgium,BE,South Sudan,SS,4467032,0,3504073.912,0,GBP
2016,Canada,CA,South Sudan,SS,782350.18,0,613698.9517,0,GBP
2016,Denmark,DK,South Sudan,SS,2896787.46,0,2272326.987,0,GBP
2016,Germany,DE,South Sudan,SS,2245800,0,1761672.894,0,GBP
2016,Ireland,IE,South Sudan,SS,3278970,0,2572122.437,0,GBP
2016,"Korea, Republic of",KR,South Sudan,SS,1000000,0,784430,0,GBP
2016,Luxembourg,LU,South Sudan,SS,678360.05,0,532125.974,0,GBP
2016,Netherlands,NL,South Sudan,SS,6795600,0,5330672.508,0,GBP
2016,Norway,NO,South Sudan,SS,8131707.43,0,6378755.259,0,GBP
2016,Sweden,SE,South Sudan,SS,7322433.01,0,5743936.126,0,GBP
2016,Switzerland,CH,South Sudan,SS,1024380.26,0,803554.6074,0,GBP
2016,United Kingdom,GB,South Sudan,SS,19528500,0,15318741.26,0,GBP
2017,AGFUND,AG,South Sudan,SS,24965,0,19583.29495,0,GBP
2017,Australia,AU,South Sudan,SS,7684563.27,0,6028001.966,0,GBP
2017,Azerbaijan,AZ,South Sudan,SS,12500,0,9805.375,0,GBP
2017,Belgium,BE,South Sudan,SS,4790400,0,3757733.472,0,GBP
2017,Canada,CA,South Sudan,SS,934629.1,0,733151.1049,0,GBP
2017,Denmark,DK,South Sudan,SS,4757373.93,0,3731826.832,0,GBP
2017,Germany,DE,South Sudan,SS,13147250,0,10313097.32,0,GBP
2017,Ireland,IE,South Sudan,SS,3194392,0,2505776.917,0,GBP
2017,"Korea, Republic of",KR,South Sudan,SS,1000000,0,784430,0,GBP
2017,Luxembourg,LU,South Sudan,SS,266125.01,0,208756.4416,0,GBP
2017,Norway,NO,South Sudan,SS,9984876.36,0,7832436.563,0,GBP
2017,Sri Lanka,LK,South Sudan,SS,1250,0,980.5375,0,GBP
2017,Sweden,SE,South Sudan,SS,8284457.9,0,6498577.31,0,GBP
2017,Switzerland,CH,South Sudan,SS,1734705.63,0,1360755.137,0,GBP
2017,United Kingdom,GB,South Sudan,SS,22383300,0,17558132.02,0,GBP
2018,Australia,AU,South Sudan,SS,2580188.41,0,2023977.194,0,GBP
2018,Belgium,BE,South Sudan,SS,4930400,0,3867553.672,0,GBP
2018,Canada,CA,South Sudan,SS,622261.85,0,488120.863,0,GBP
2018,Germany,DE,South Sudan,SS,13182200,0,10340513.15,0,GBP
2018,Ireland,IE,South Sudan,SS,4802852,0,3767501.194,0,GBP
2018,Luxembourg,LU,South Sudan,SS,370535.1,0,290658.8485,0,GBP
2018,Netherlands,NL,South Sudan,SS,9058400,0,7105680.712,0,GBP
2018,Norway,NO,South Sudan,SS,4604665.25,0,3612037.562,0,GBP
2018,Sweden,SE,South Sudan,SS,9487464.13,0,7442251.487,0,GBP
2018,Switzerland,CH,South Sudan,SS,1810736.13,0,1420395.742,0,GBP
2018,UNF,UNF,South Sudan,SS,142709.94,0,111945.9582,0,GBP
2018,United Kingdom,GB,South Sudan,SS,16846050,0,13214547,0,GBP
2019,United Kingdom,GB,South Sudan,SS,0,11702127.66,0,9179500,GBP
2009,Ireland,IE,Sudan,SD,1480372,0,1161248.208,0,GBP
2009,Netherlands,NL,Sudan,SD,23823529,0,18687890.85,0,GBP
2009,Norway,NO,Sudan,SD,15866005.71,0,12445770.86,0,GBP
2009,Sweden,SE,Sudan,SD,14742024.34,0,11564086.15,0,GBP
2009,United Kingdom,GB,Sudan,SD,60100166.94,0,47144373.95,0,GBP
2010,Denmark,DK,Sudan,SD,4854368.93,0,3807912.62,0,GBP
2010,Ireland,IE,Sudan,SD,5032832.67,0,3947904.931,0,GBP
2010,Netherlands,NL,Sudan,SD,10209785,0,8008861.648,0,GBP
2010,Norway,NO,Sudan,SD,19888824.62,0,15601390.7,0,GBP
2010,Spain,ES,Sudan,SD,17132700,0,13439403.86,0,GBP
2010,Sweden,SE,Sudan,SD,13907975.8,0,10909833.46,0,GBP
2011,Australia,AU,Sudan,SD,4062400,0,3186668.432,0,GBP
2011,Denmark,DK,Sudan,SD,2995594.71,0,2349834.358,0,GBP
2011,Ireland,IE,Sudan,SD,4014009,0,3148709.08,0,GBP
2011,Netherlands,NL,Sudan,SD,14375000,0,11276181.25,0,GBP
2011,Norway,NO,Sudan,SD,22753441.25,0,17848481.92,0,GBP
2011,Spain,ES,Sudan,SD,9350250,0,7334616.608,0,GBP
2011,Sweden,SE,Sudan,SD,28378774.59,0,22261162.15,0,GBP
2011,United Kingdom,GB,Sudan,SD,78255000,0,61385569.65,0,GBP
2012,Australia,AU,Sudan,SD,2121600,0,1664246.688,0,GBP
2012,Denmark,DK,Sudan,SD,6711027.33,0,5264331.168,0,GBP
2012,Ireland,IE,Sudan,SD,2918882.4,0,2289658.921,0,GBP
2012,Netherlands,NL,Sudan,SD,5000000,0,3922150,0,GBP
2012,Norway,NO,Sudan,SD,10735343.05,0,8421125.149,0,GBP
2012,Spain,ES,Sudan,SD,3833100,0,3006798.633,0,GBP
2012,Sweden,SE,Sudan,SD,15106524.99,0,11850011.4,0,GBP
2012,United Kingdom,GB,Sudan,SD,33469275,0,26254303.39,0,GBP
2013,Denmark,DK,Sudan,SD,3575898.44,0,2805042.013,0,GBP
2013,Ireland,IE,Sudan,SD,3213040,0,2520404.967,0,GBP
2013,Netherlands,NL,Sudan,SD,2250000,0,1764967.5,0,GBP
2013,Norway,NO,Sudan,SD,10328266.74,0,8101802.279,0,GBP
2013,Sweden,SE,Sudan,SD,14516297.42,0,11387019.19,0,GBP
2013,United Kingdom,GB,Sudan,SD,37239200,0,29211545.66,0,GBP
2014,Denmark,DK,Sudan,SD,1868600.04,0,1465785.929,0,GBP
2014,Ireland,IE,Sudan,SD,3211790,0,2519424.43,0,GBP
2014,Netherlands,NL,Sudan,SD,3154750,0,2474680.543,0,GBP
2014,Norway,NO,Sudan,SD,9861371.39,0,7735555.559,0,GBP
2014,Sweden,SE,Sudan,SD,10559474.61,0,8283168.668,0,GBP
2014,Switzerland,CH,Sudan,SD,1087686.86,0,853214.2036,0,GBP
2014,United Kingdom,GB,Sudan,SD,22346951.73,0,17529619.35,0,GBP
2015,Denmark,DK,Sudan,SD,5271674.72,0,4135259.801,0,GBP
2015,Germany,DE,Sudan,SD,1091580,0,856268.0994,0,GBP
2015,Ireland,IE,Sudan,SD,2712840,0,2128033.081,0,GBP
2015,Netherlands,NL,Sudan,SD,2218734,0,1740441.512,0,GBP
2015,Norway,NO,Sudan,SD,6622430.6,0,5194833.236,0,GBP
2015,Sweden,SE,Sudan,SD,6336249.86,0,4970344.478,0,GBP
2015,Switzerland,CH,Sudan,SD,1047778.71,0,821909.0535,0,GBP
2015,United Kingdom,GB,Sudan,SD,17299900,0,13570560.56,0,GBP
2016,Denmark,DK,Sudan,SD,5264415.53,0,4129565.474,0,GBP
2016,Germany,DE,Sudan,SD,1122900,0,880836.447,0,GBP
2016,Ireland,IE,Sudan,SD,3278970,0,2572122.437,0,GBP
2016,Netherlands,NL,Sudan,SD,6825000,0,5353734.75,0,GBP
2016,Norway,NO,Sudan,SD,2405002.41,0,1886556.04,0,GBP
2016,Sweden,SE,Sudan,SD,9323778.09,0,7313851.247,0,GBP
2016,Switzerland,CH,Sudan,SD,496228.66,0,389256.6478,0,GBP
2016,United Kingdom,GB,Sudan,SD,19633300,0,15400949.52,0,GBP
2017,Germany,DE,Sudan,SD,1082100,0,848831.703,0,GBP
2017,Ireland,IE,Sudan,SD,3487086,0,2735374.871,0,GBP
2017,"Korea, Republic of",KR,Sudan,SD,700000,0,549101,0,GBP
2017,Norway,NO,Sudan,SD,1254657.92,0,984191.3122,0,GBP
2017,Sweden,SE,Sudan,SD,7705915.96,0,6044751.657,0,GBP
2017,Switzerland,CH,Sudan,SD,1166182.3,0,914788.3816,0,GBP
2017,United Kingdom,GB,Sudan,SD,20858450,0,16361993.93,0,GBP
2018,,,Sudan,SD,0,3000000,0,2353290,GBP
2018,Denmark,DK,Sudan,SD,4038119.85,0,3167622.354,0,GBP
2018,Germany,DE,Sudan,SD,4557200,0,3574804.396,0,GBP
2018,Ireland,IE,Sudan,SD,3635376,0,2851697.996,0,GBP
2018,Norway,NO,Sudan,SD,1234680.34,0,968520.2991,0,GBP
2018,Sweden,SE,Sudan,SD,7039986.24,0,5522376.406,0,GBP
2018,Switzerland,CH,Sudan,SD,994332.31,0,779984.0939,0,GBP
2018,UNF,UNF,Sudan,SD,3491.24,0,2738.633393,0,GBP
2018,United Kingdom,GB,Sudan,SD,23319400,0,18292436.94,0,GBP
2019,United Kingdom,GB,Sudan,SD,0,13422818.8,0,10529261.75,GBP
2020,United Kingdom,GB,Sudan,SD,0,6711409.4,0,5264630.876,GBP
2013,Indonesia,ID,Syria,SY,499111.38,0,391517.9398,0,GBP
2014,Germany,DE,Syria,SY,2478314.75,0,1944064.439,0,GBP
2014,India,IN,Syria,SY,1000000,0,784430,0,GBP
2014,Luxembourg,LU,Syria,SY,317662.01,0,249183.6105,0,GBP
2014,Spain,ES,Syria,SY,1169786.09,0,917615.3026,0,GBP
2014,Sweden,SE,Syria,SY,1321592.78,0,1036697.024,0,GBP
2015,Belgium,BE,Syria,SY,6304381.58,0,4945346.043,0,GBP
2015,Germany,DE,Syria,SY,1096491.23,0,860120.6155,0,GBP
2015,India,IN,Syria,SY,1000000,0,784430,0,GBP
2015,"Korea, Republic of",KR,Syria,SY,500000,0,392215,0,GBP
2015,Kuwait,KW,Syria,SY,2500000,0,1961075,0,GBP
2015,Luxembourg,LU,Syria,SY,281375,0,220718.9913,0,GBP
2015,Malaysia,MY,Syria,SY,500000,0,392215,0,GBP
2015,Netherlands,NL,Syria,SY,10553728.07,0,8278660.91,0,GBP
2015,Norway,NO,Syria,SY,2895537.03,0,2271346.112,0,GBP
2015,Spain,ES,Syria,SY,546448.09,0,428650.2752,0,GBP
2015,Sweden,SE,Syria,SY,2372106.58,0,1860751.565,0,GBP
2015,Switzerland,CH,Syria,SY,3566237.92,0,2797464.012,0,GBP
2016,Belgium,BE,Syria,SY,6482525.37,0,5085087.376,0,GBP
2016,Denmark,DK,Syria,SY,2987977.53,0,2343859.214,0,GBP
2016,Germany,DE,Syria,SY,3865006.61,0,3031827.135,0,GBP
2016,Iceland,IS,Syria,SY,300000,0,235329,0,GBP
2016,Jersey,JE,Syria,SY,603658.54,0,473527.8685,0,GBP
2016,"Korea, Republic of",KR,Syria,SY,500000,0,392215,0,GBP
2016,Luxembourg,LU,Syria,SY,284250,0,222974.2275,0,GBP
2016,Malaysia,MY,Syria,SY,50000,0,39221.5,0,GBP
2016,Netherlands,NL,Syria,SY,9100881.07,0,7139004.138,0,GBP
2016,Norway,NO,Syria,SY,5606254.58,0,4397714.28,0,GBP
2016,Spain,ES,Syria,SY,1121076.23,0,879405.8271,0,GBP
2016,Sweden,SE,Syria,SY,3577687.47,0,2806445.382,0,GBP
2016,Switzerland,CH,Syria,SY,1521298.17,0,1193351.923,0,GBP
2016,United Kingdom,GB,Syria,SY,8571428.57,0,6723685.713,0,GBP
2017,Belgium,BE,Syria,SY,8549528.3,0,6706506.484,0,GBP
2017,Denmark,DK,Syria,SY,4811137.12,0,3774000.291,0,GBP
2017,Germany,DE,Syria,SY,2171552.66,0,1703431.053,0,GBP
2017,Iceland,IS,Syria,SY,220000,0,172574.6,0,GBP
2017,Jersey,JE,Syria,SY,646830.53,0,507393.2726,0,GBP
2017,Luxembourg,LU,Syria,SY,265392.78,0,208182.0584,0,GBP
2017,Netherlands,NL,Syria,SY,5336179.3,0,4185859.128,0,GBP
2017,Norway,NO,Syria,SY,5806198.19,0,4554556.046,0,GBP
2017,Spain,ES,Syria,SY,1176470.59,0,922858.8249,0,GBP
2017,Sweden,SE,Syria,SY,4190625.28,0,3287252.188,0,GBP
2017,Switzerland,CH,Syria,SY,993048.66,0,778977.1604,0,GBP
2017,UNF,UNF,Syria,SY,98421.69,0,77204.92629,0,GBP
2017,United Kingdom,GB,Syria,SY,1293661.06,0,1014786.545,0,GBP
2018,Belgium,BE,Syria,SY,8950617.29,0,7021132.721,0,GBP
2018,Canada,CA,Syria,SY,3090379.35,0,2424186.274,0,GBP
2018,Denmark,DK,Syria,SY,4040857.22,0,3169769.629,0,GBP
2018,Iceland,IS,Syria,SY,251990.73,0,197669.0883,0,GBP
2018,Jersey,JE,Syria,SY,705218.62,0,553194.6421,0,GBP
2018,Luxembourg,LU,Syria,SY,370370.37,0,290529.6293,0,GBP
2018,Netherlands,NL,Syria,SY,6038647.34,0,4736896.133,0,GBP
2018,Norway,NO,Syria,SY,5173465.14,0,4058221.26,0,GBP
2018,Qatar,QA,Syria,SY,499995.55,0,392211.5093,0,GBP
2018,Spain,ES,Syria,SY,1179245.28,0,925035.375,0,GBP
2018,Sweden,SE,Syria,SY,3201909.98,0,2511674.246,0,GBP
2018,Switzerland,CH,Syria,SY,1015228.43,0,796375.6373,0,GBP
2018,United Kingdom,GB,Syria,SY,1278772.38,0,1003107.418,0,GBP
2019,Qatar,QA,Syria,SY,0,1000000,0,784430,GBP
2014,Canada,CA,Turkey,TR,4175016.7,0,3275008.35,0,GBP
2014,Denmark,DK,Turkey,TR,2342782.56,0,1837748.924,0,GBP
2014,France,FR,Turkey,TR,622665.01,0,488437.1138,0,GBP
2014,Germany,DE,Turkey,TR,7456637.37,0,5849210.052,0,GBP
2014,Norway,NO,Turkey,TR,2064409.58,0,1619384.807,0,GBP
2014,Qatar,QA,Turkey,TR,19999960,0,15688568.62,0,GBP
2014,Spain,ES,Turkey,TR,501336.9,0,393263.7045,0,GBP
2014,Sweden,SE,Turkey,TR,1982389.18,0,1555045.544,0,GBP
2014,Switzerland,CH,Turkey,TR,1828456.84,0,1434296.399,0,GBP
2014,United Kingdom,GB,Turkey,TR,5329153.6,0,4180347.958,0,GBP
2015,Belgium,BE,Turkey,TR,5558568.33,0,4360307.755,0,GBP
2015,France,FR,Turkey,TR,552486.19,0,433386.742,0,GBP
2015,Ireland,IE,Turkey,TR,1096491.23,0,860120.6155,0,GBP
2015,Netherlands,NL,Turkey,TR,31661184.21,0,24835982.73,0,GBP
2015,Norway,NO,Turkey,TR,1477428.58,0,1158939.301,0,GBP
2015,Spain,ES,Turkey,TR,546448.09,0,428650.2752,0,GBP
2015,Switzerland,CH,Turkey,TR,711382.11,0,558029.4685,0,GBP
2015,United Kingdom,GB,Turkey,TR,10132204.19,0,7948004.933,0,GBP
2016,Belgium,BE,Turkey,TR,5777903.04,0,4532360.482,0,GBP
2016,Denmark,DK,Turkey,TR,3716153.98,0,2915062.667,0,GBP
2016,France,FR,Turkey,TR,2234636.87,0,1752916.2,0,GBP
2016,Germany,DE,Turkey,TR,8649603.58,0,6785008.536,0,GBP
2016,Ireland,IE,Turkey,TR,2188966.85,0,1717091.266,0,GBP
2016,Netherlands,NL,Turkey,TR,11098779.14,0,8706215.321,0,GBP
2016,Norway,NO,Turkey,TR,4678983.88,0,3670335.325,0,GBP
2016,Qatar,QA,Turkey,TR,5000000,0,3922150,0,GBP
2016,Spain,ES,Turkey,TR,560538.12,0,439702.9175,0,GBP
2016,Sweden,SE,Turkey,TR,3925684.98,0,3079425.069,0,GBP
2016,Switzerland,CH,Turkey,TR,1014198.78,0,795567.949,0,GBP
2016,United Kingdom,GB,Turkey,TR,17185917.32,0,13481149.12,0,GBP
2017,Belgium,BE,Turkey,TR,8549528.3,0,6706506.484,0,GBP
2017,Denmark,DK,Turkey,TR,1603765.38,0,1258041.677,0,GBP
2017,France,FR,Turkey,TR,5509398.97,0,4321737.834,0,GBP
2017,Germany,DE,Turkey,TR,11848341.23,0,9294194.311,0,GBP
2017,Ireland,IE,Turkey,TR,1764705.88,0,1384288.233,0,GBP
2017,"Korea, Republic of",KR,Turkey,TR,1000000,0,784430,0,GBP
2017,Netherlands,NL,Turkey,TR,5937140.84,0,4657271.389,0,GBP
2017,Norway,NO,Turkey,TR,4728738.42,0,3709364.279,0,GBP
2017,Sweden,SE,Turkey,TR,4190625.28,0,3287252.188,0,GBP
2017,Switzerland,CH,Turkey,TR,993048.66,0,778977.1604,0,GBP
2017,United Kingdom,GB,Turkey,TR,12911604.28,0,10128249.75,0,GBP
2018,Belgium,BE,Turkey,TR,8950617.29,0,7021132.721,0,GBP
2018,Canada,CA,Turkey,TR,772594.84,0,606046.5703,0,GBP
2018,Denmark,DK,Turkey,TR,4040857.22,0,3169769.629,0,GBP
2018,France,FR,Turkey,TR,5867262.5,0,4602456.723,0,GBP
2018,Germany,DE,Turkey,TR,14042213.77,8522727.27,11015133.75,6685482.952,GBP
2018,Ireland,IE,Turkey,TR,3086419.75,0,2421080.244,0,GBP
2018,Italy,IT,Turkey,TR,0,1706484.64,0,1338617.746,GBP
2018,Netherlands,NL,Turkey,TR,14302059.5,0,11218964.53,0,GBP
2018,Norway,NO,Turkey,TR,5876509.52,0,4609710.363,0,GBP
2018,Sweden,SE,Turkey,TR,3945993.98,0,3095356.058,0,GBP
2018,Switzerland,CH,Turkey,TR,1522842.64,1004016.06,1194563.452,787580.3179,GBP
2018,United Kingdom,GB,Turkey,TR,32129438.93,0,25203295.78,0,GBP
2010,Denmark,DK,Yemen,YE,876650.23,0,687670.7399,0,GBP
2010,Sweden,SE,Yemen,YE,951859.95,0,746667.5006,0,GBP
2010,United Kingdom,GB,Yemen,YE,792393.03,0,621576.8645,0,GBP
2011,Australia,AU,Yemen,YE,1036272.73,0,812883.4176,0,GBP
2011,Ireland,IE,Yemen,YE,273597.81,0,214618.3301,0,GBP
2011,Sweden,SE,Yemen,YE,2232161.53,0,1750974.469,0,GBP
2011,Switzerland,CH,Yemen,YE,542888.17,0,425857.7672,0,GBP
2011,United Kingdom,GB,Yemen,YE,2438729.61,0,1913012.668,0,GBP
2012,Denmark,DK,Yemen,YE,1727782.99,0,1355324.811,0,GBP
2012,Ireland,IE,Yemen,YE,515841.69,0,404641.6969,0,GBP
2012,"Korea, Republic of",KR,Yemen,YE,500000,0,392215,0,GBP
2012,Sweden,SE,Yemen,YE,1498231.49,0,1175257.728,0,GBP
2012,Switzerland,CH,Yemen,YE,969599.85,0,760583.2103,0,GBP
2012,United Kingdom,GB,Yemen,YE,3466108.94,0,2718919.836,0,GBP
2013,Denmark,DK,Yemen,YE,3624619.94,0,2843260.62,0,GBP
2013,Ireland,IE,Yemen,YE,261780.1,0,205348.1638,0,GBP
2013,Norway,NO,Yemen,YE,1614481.51,0,1266447.731,0,GBP
2013,Sweden,SE,Yemen,YE,2291972.58,0,1797892.051,0,GBP
2013,United Kingdom,GB,Yemen,YE,3826632.31,0,3001725.183,0,GBP
2014,Denmark,DK,Yemen,YE,3425896.28,0,2687375.819,0,GBP
2014,Germany,DE,Yemen,YE,2504600,0,1964683.378,0,GBP
2014,"Korea, Republic of",KR,Yemen,YE,300000,0,235329,0,GBP
2014,Netherlands,NL,Yemen,YE,2717391.3,0,2131603.257,0,GBP
2014,Sweden,SE,Yemen,YE,4372500.3,0,3429920.41,0,GBP
2014,Switzerland,CH,Yemen,YE,1013171.23,0,794761.9079,0,GBP
2014,United Kingdom,GB,Yemen,YE,7913520.18,0,6207602.635,0,GBP
2015,Denmark,DK,Yemen,YE,3009905.62,0,2361060.265,0,GBP
2015,Germany,DE,Yemen,YE,1118568.23,0,877438.4767,0,GBP
2015,Ireland,IE,Yemen,YE,1710741.05,0,1341956.602,0,GBP
2015,"Korea, Republic of",KR,Yemen,YE,200000,0,156886,0,GBP
2015,Netherlands,NL,Yemen,YE,13202048.75,0,10356083.1,0,GBP
2015,Sweden,SE,Yemen,YE,6875816.84,0,5393597.004,0,GBP
2015,Switzerland,CH,Yemen,YE,3159882.88,0,2478706.928,0,GBP
2015,United Kingdom,GB,Yemen,YE,27952636.28,0,21926886.48,0,GBP
2016,Canada,CA,Yemen,YE,3810104.4,0,2988760.194,0,GBP
2016,Denmark,DK,Yemen,YE,2842896.29,0,2230053.137,0,GBP
2016,Germany,DE,Yemen,YE,14866831.48,0,11661988.62,0,GBP
2016,Ireland,IE,Yemen,YE,4377933.68,0,3434182.517,0,GBP
2016,"Korea, Republic of",KR,Yemen,YE,300000,0,235329,0,GBP
2016,Netherlands,NL,Yemen,YE,11273957.16,0,8843630.215,0,GBP
2016,Saudi Arabia,SA,Yemen,YE,5000000,0,3922150,0,GBP
2016,Spain,ES,Yemen,YE,560538.12,0,439702.9175,0,GBP
2016,Sweden,SE,Yemen,YE,8055810.73,0,6319219.611,0,GBP
2016,Switzerland,CH,Yemen,YE,2999901.26,0,2353212.545,0,GBP
2016,United Kingdom,GB,Yemen,YE,53137051.12,0,41682297.01,0,GBP
2017,AGFUND,AG,Yemen,YE,24982.5,0,19597.02248,0,GBP
2017,Azerbaijan,AZ,Yemen,YE,12500,0,9805.375,0,GBP
2017,Belgium,BE,Yemen,YE,4716981.13,0,3700141.508,0,GBP
2017,Canada,CA,Yemen,YE,4670969.01,0,3664048.221,0,GBP
2017,Cyprus,CY,Yemen,YE,11200,0,8785.616,0,GBP
2017,Denmark,DK,Yemen,YE,9601027.1,0,7531333.688,0,GBP
2017,Germany,DE,Yemen,YE,66868336.76,0,52453529.4,0,GBP
2017,Ireland,IE,Yemen,YE,5824147.97,0,4568636.392,0,GBP
2017,"Korea, Republic of",KR,Yemen,YE,1500000,0,1176645,0,GBP
2017,Lithuania,LT,Yemen,YE,21715.53,0,17034.3132,0,GBP
2017,Malta,MT,Yemen,YE,117647.06,0,92285.88328,0,GBP
2017,Netherlands,NL,Yemen,YE,8239779.76,0,6463530.437,0,GBP
2017,Norway,NO,Yemen,YE,5096822.2,0,3998100.238,0,GBP
2017,Spain,ES,Yemen,YE,716845.88,0,562315.4136,0,GBP
2017,Sri Lanka,LK,Yemen,YE,1250,0,980.5375,0,GBP
2017,Sweden,SE,Yemen,YE,8598542.23,0,6744954.481,0,GBP
2017,Switzerland,CH,Yemen,YE,3476152.32,0,2726798.164,0,GBP
2017,UNF,UNF,Yemen,YE,86532.45,0,67878.64975,0,GBP
2017,United Kingdom,GB,Yemen,YE,51087368.79,0,40074464.7,0,GBP
2017,United States,US,Yemen,YE,5000000,0,3922150,0,GBP
2018,Andorra,AD,Yemen,YE,0,6172.84,0,4842.160881,GBP
2018,Belgium,BE,Yemen,YE,4938271.61,0,3873728.399,0,GBP
2018,Canada,CA,Yemen,YE,4839775.83,0,3796465.354,0,GBP
2018,Colombia,CO,Yemen,YE,0,50000,0,39221.5,GBP
2018,Cyprus,CY,Yemen,YE,35377.36,0,27751.0625,0,GBP
2018,Denmark,DK,Yemen,YE,5818400,0,4564127.512,0,GBP
2018,Germany,DE,Yemen,YE,43846578.91,0,34394571.89,0,GBP
2018,Ireland,IE,Yemen,YE,4938271.6,0,3873728.391,0,GBP
2018,Kuwait,KW,Yemen,YE,5000000,0,3922150,0,GBP
2018,Lithuania,LT,Yemen,YE,24691.36,0,19368.64352,0,GBP
2018,Luxembourg,LU,Yemen,YE,370370.37,0,290529.6293,0,GBP
2018,Malta,MT,Yemen,YE,34722.22,0,27237.15103,0,GBP
2018,Montenegro,ME,Yemen,YE,12345.68,0,9684.321762,0,GBP
2018,Netherlands,NL,Yemen,YE,18966842.33,0,14878160.13,0,GBP
2018,Norway,NO,Yemen,YE,4320200.43,0,3388894.823,0,GBP
2018,Philippines,PH,Yemen,YE,10000,0,7844.3,0,GBP
2018,Portugal,PT,Yemen,YE,119474.31,0,93719.23299,0,GBP
2018,Qatar,QA,Yemen,YE,472899.79,0,370956.7823,0,GBP
2018,Saudi Arabia,SA,Yemen,YE,25000000,0,19610750,0,GBP
2018,Spain,ES,Yemen,YE,589622.64,0,462517.6875,0,GBP
2018,Sweden,SE,Yemen,YE,10118652.11,0,7937374.275,0,GBP
2018,Switzerland,CH,Yemen,YE,3544189.77,0,2780168.781,0,GBP
2018,United Arab Emirates,AE,Yemen,YE,25000000,0,19610750,0,GBP
2018,United Kingdom,GB,Yemen,YE,39186129,0,30738775.17,0,GBP
2018,United States,US,Yemen,YE,5000000,0,3922150,0,GBP
2019,United Kingdom,GB,Yemen,YE,0,38265306.12,0,30016454.08,GBP
2020,United Kingdom,GB,Yemen,YE,0,38265306.12,0,30016454.08,GBP
2021,United Kingdom,GB,Yemen,YE,0,19132653.06,0,15008227.04,GBP